Abacavirum,Abakawir
Abatacept,Abatacept
Abciximabum,Abcyksymab
Abirateronum,Abirateron
Acebutololum,Acebutolol
Aceclofenacum,Aceklofenak
Acemetacinum,Acemetacyna
Acenocoumarolum,Acenokumarol
Acetazolamidum,Acetazolamid
Acetylcysteinum,Acetylocysteina
Aciclovirum,Acyklowir
Acitretinum,Acytretyna
Adalimumabum,Adalimumab
Adapalenum,Adapalen
Adefovirum,Adefowir
Adenosinum,Adenozyna
Adrenalinum,Adrenalina
Afamelanotidum,Afamelanotyd
Afatinibum,Afatynib
Afliberceptum,Afilbercept
Afliberceptum,Aflibercept
Agalsidasum alfa,Agalzydaza alfa
Agalsidase beta,Agalzydaza beta
Agomelatinum,Agomelatyna
Acamprosatum,Akamprozat (acetylohomotaurynian wapnia)
Acarbosum,Akarboza
Aclidinium,Aklidyna
Axitinibum,Aksytynib
Allantoinum,Alantoina
Albendazolum,Albendazol
Albuminum humanum,Albumina ludzka
Albutrepenonacogum alfa,Albutrepenonakog alfa
Alectinibum,Alektynib
Alemtuzumabum,Alemtuzumab
Alfacalcidolum,Alfakalcydol
Cholinum alfosceratum,Alfosceran choliny
Alfuzosinum,Alfuzosyna
Alglucosidase alfa,Alglukozydaza alfa
Alirocumabum,Alirokumab
Aliskirenum,Aliskiren
Alitretinoinum,Alitretynoina
Alclometasonum,Alklometazon
Allopurinolum,Allopurynol
Almotriptanum,Almotryptan
Alogliptinum,Alogliptyna
Alprazolamum,Alprazolam
Alprostadilum,Alprostadyl
Alteplasum,Alteplaza
Alverinum,Alweryna
Amantadinum,Amantadyna
Ambazonum,Ambazon
Ambenonium,Ambenonium
Ambrisentanum,Ambrisentan
Ambroxolum,Ambroksol
Amphotericinum b,Amfoterycyna b
Amidotrizoatum,Amidotryzoinian
Amifampridinum,Amifamprydyna
Amikacinum,Amikacyna
Amiloridum,Amilorid
Aminofluoridum,Aminofluorek
Hexylis aminolevulinatis,Aminolewulinian heksylu
Amiodaronum,Amiodaron
Amisulpridum,Amisulpryd
Amitriptylinum,Amitryptylina
Amlodipinum,Amlodypina
Amoxicillinum,Amoksycylina
Amorolfinum,Amorolfina
Ampicillinum,Ampicylina
Amsacrinum,Amsakryna
Amylometacresolum,Amylometakrezol
Anagrelidum,Anagrelid
Anakinrum,Anakinra
Anastrozolum,Anastrozol
Anidulafunginum,Anidulafungina
Antazolinum,Antazolina
Antitoxinum botulinum,Antytoksyna botulinowa
Immunoserum contra venena viperarum europaearum,Antytoksyna jadu żmij
Antitrombinum alfa,Antytrombina alfa
Apixabanum,Apiksaban
Apomorphinum,Apomorfina
Apremilastum,Apremilast
Aprepitantum,Aprepitant
Aprotininum,Aprotynina
Articainum,Artykaina
Aripiprazolum,Arypiprazol (aripiprazol)
Asenapinum,Asenapina
Asparaginasum,Asparaginaza
Atalurenum,Ataluren
Atazanavirum,Atazanawir
Atenololum,Atenolol
Tomoxetinum,Atomoksetyna
Atorvastatinum,Atorwastatyna
Atosibanum,Atosiban
Atropinum,Atropina
Avanafilum,Awanafil
Avelumab,Awelumab
Azacitidinum,Azacytydyna
Azapentacenum,Azapentacen
Azathioprinum,Azatiopryna
Azelastinum,Azelastyna
Argentum nitricum,Azotan srebra
Aztreonamum,Aztreonam
Azilsartanum medoxomilum,Azylsartan
Azithromycinum,Azytromycyna
Bacitracinum,Bacytracyna
Baclofenum,Baklofen
Baloxaviri marboxilum,Baloxavir marboxil
Balsamum peruvianum,Balsam peruwiański
Baricitinibum,Baricytynib
Bazedoxifenum,Bazedoksyfen
Basiliximabum,Bazyliksymab
Bedaquilinum,Bedakilina
Beclometasonum,Beklometazon
Bexarotenum,Beksaroten
Belataceptum,Belatacept
Belimumab,Belimumab
Bemiparinum,Bemiparyna
Benazeprilum,Benazepryl
Bencyclanum,Bencyklan
Bendamustinum,Bendamustyna
Benfothiaminum,Benfotiamina
Benralizumabum,Benralizumab
Benzalkonii chloridum,Benzalkoniowy chlorek
Benzocainum,Benzokaina (anestezyna)
Benzydaminum,Benzydamina
Benzathini benzylpenicillinum,Benzylopenicylina benzatynowa
Benzylpenicillinum kalicum,Benzylopenicylina potasowa
Benzylpenicillinum procainum,Benzylopenicylina prokainowa
Beractantum,Beraktant
Betainum,Betaina
Betaxololum,Betaksolol
Betamethasonum,Betametazon
Bevacizumabum,Bewacyzumab
Besilesomabum,Bezylezomab
Human protein c,Białko ludzkie c
Bifonazolum,Bifonazol
Bicalutamidum,Bikalutamid
Bictegravirum,Biktegrawir
Bilastinum,Bilastyna
Bimatoprostum,Bimatoprost
Biotinum,Biotyna
Biperidenum,Biperyden
Bisacodylum,Bisakodyl
Bisoprololum,Bisoprolol
Bivalirudinum,Biwalirudyna
Bleomycinum,Bleomycyna
Blinatumomabum,Blinatumomab
Boceprevir,Boceprewir
Bortezomib,Bortezomib
Bosentanum,Bosentan
Bosutinibum,Bosutinib
Brentuximab vedotin,Brentuksymabu wedotin
Brimonidinum,Brimonidyna
Brinzolamidum,Brinzolamid
Brivaracetamum,Briwaracetam
Brolucizumabum,Brolucizumab
Ipratropii bromidum,Bromek ipratropium
Bromfenacum,Bromfenak
Bromhexinum,Bromoheksyna
Bromocriptinum,Bromokryptyna
Brigatinibum,Brygatynib
Bupivacainum,Bupiwakaina
Buprenorphinum,Buprenorfina
Burosumabum,Burosumab
Buspironum,Buspiron
Busulfanum,Busulfan
Butoconazolum,Butakonazol
Butamiratum,Butamirat
Cefadroxilum,Cefadroksyl
Cefaclorum,Cefaklor
Cephalexin,Cefaleksyna
Cefamandolum,Cefamandol
Cefazolinum,Cefazolina
Cefepimum,Cefepim
Cefiximum,Cefiksym
Cefoperazonum,Cefoperazon
Cefotaximum,Cefotaksym
Ceftarolinum,Ceftarolina
Ceftazidimum,Ceftazydym
Ceftolozanum,Ceftolozan
Ceftriaxonum,Ceftriakson
Ceftibutenum,Ceftybuten
Cefuroximum,Cefuroksym
Celecoxib,Celekoksyb
Celiprololum,Celiprolol
Cerebrolysinum,Cerebrolizyna
Cerliponase alfa,Cerliponaza alfa
Cetrorelixum,Cetroreliks
Cetuximabum,Cetuksymab
Cetirizinum,Cetyryzyna
Quinagolidum,Chinagolid
Quinaprilum,Chinapryl
Chlorambucilum,Chlorambucyl (chlorambucil)
Benzoxonii chloridum,Chlorek benzoksoniowy
Cetylpyridini chloridum,Chlorek cetylopirydyniowy
Ethylis chloridum,Chlorek etylu
Aluminium chloridum,Chlorek glinu
Magnesii chloridum,Chlorek magnezu
Kalii chloridum,Chlorek potasu
Natrium chloratum,Chlorek sodu
Calcium chloridum,Chlorek wapnia
Chlorhexidinum,Chlorheksydyna
Chlormadinonum,Chlormadinon
Chlormidazoli hydrochloridum,Chlormidazol
Chloroquinum,Chlorochina
Chlorquinaldolum,Chlorochinaldol
Chloroxylenol,Chloroksylenol
Chloroprocainum,Chloroprokaina
Chlorotalidonum,Chlorotalidon
Chlortetracyclinum,Chlorotetracyklina
Chlorpromazinum,Chlorpromazyna
Chlorprothixenum,Chlorprotiksen
Chondroitinum,Chondroityna
Choriogonadotropinum alfa,Choriogonadotropina alfa
Cilazaprilum,Cilazapryl
Cilostazolum,Cilostazol
Ciprofibratum,Ciprofibrat
Ciprofloxacinum,Ciprofloksacyna
Cisatracurium,Cisatrakurium
Cisplatinum,Cisplatyna
Citalopramum,Citalopram
Ciclesonidum,Cyklezonid
Cyclophosphamidum,Cyklofosfamid
Ciclosporinum,Cyklosporyna
Cinacalcetum,Cynakalcet
Cinnarizinum,Cynaryzyna
Cinchocainum,Cynchokaina
Cyproheptadinum,Cyproheptadyna
Cyproterone acetate,Cyproteron
Cytarabinum,Cytarabina
Magnesii citras,Cytrynian magnezu
Kalium citricum lub kalium citras,Cytrynian potasu
Citicolinum,Cytykolina
Cytisinum,Cytyzyna
Cisapridum,Cyzapryd
Dabigatranum,Dabigatran
Dabrafenibum,Dabrafenib
Dacarbazinum,Dakarbazyna
Daclatasvirum,Daklataswir
Daclizumabum,Daklizumab
Dalbavancinum,Dalbawancyna
Dalteparinum,Dalteparyna
Danazolum,Danazol
Dapagliflozinum,Dapagliflozyna
Dapoxetinum,Dapoksetyna
Dapsonum,Dapson
Daptomycinum,Daptomycyna
Darbepoetinum alfa,Darbepoetyna alfa
Darunavirum,Darunawir
Darifenacinum,Daryfenacyna
Dasabuvirum,Dazabuwir
Decitabinum,Decytabina
Deferasiroxum,Deferazyroks
Deferoxaminum,Deferoksamina
Deferipronum,Deferypron
Defibrotidum,Defibrotyd
Degarelixum,Degareliks
Dexamethasonum,Deksametazon
Dexbrompheniraminum,Deksbromfeniramina
Dexibuprofenum,Deksibuprofen
Dexketoprofenum,Deksketoprofen
Dexlansoprazolum,Dekslanzoprazol
Dexmedetomidinum,Deksmedetomidyna
Dexrazoxanum,Deksrazoksan
Dextranum,Dekstran
Dextromethorphanum,Dekstrometorfan
Dequalinii chloridum,Dekwalina
Delamanidum,Delamanid
Denotivirum,Denotywir
Desfluranum,Desfluran
Desloratadinum,Desloratadyna
Desmopressinum,Desmopresyna
Chloramphenicolum,Detreomycyna (chloramfenikol)
Desogestrelum,Dezogestrel
Diazepamum,Diazepam
Dienogestum,Dienogest
Diphenhydraminum,Difenhydramina
Diphenoxylatum,Difenoksylat
Digoxinum,Digoksyna
Dihydroergocristinum,Dihydroergokrystyna
Dihydroergotaminum,Dihydroergotamina
Dihydrocodeinum,Dihydrokodeina
Diklofenacum,Diklofenak
Diltiazemum,Diltiazem
Dimenhydrinatum,Dimenhydrynat
Dimethiconum,Dimetykon
Dimetindenum,Dimetynden
Dinoprostonum,Dinoproston
Dinutuximabum beta,Dinutuksymab beta
Diosmectite,Diosmektyt
Diosminum,Diosmina
Distygminum,Distygmina
Disulfiramum,Disulfiram
Calcii dobesilas,Dobesylan wapnia
Dobutaminum,Dobutamina
Docetaxel,Docetaksel
Docosanolum,Dokozanol
Doxazosinum,Doksazosyna
Doxepinum,Doksepina
Doxorubicinum,Doksorubicyna
Doxycyclinum,Doksycyklina
Doxylaminum,Doksylamina
Natrii docusas,Dokuzynian sodu
Dolutegravirum,Dolutegrawir
Domperidonum,Domperidon
Donepezilum,Donepezil
Dopaminum,Dopamina
Dornasum alfa,Dornaza alfa
Dorzolamidum,Dorzolamid
Dronedaronum,Dronedaron
Droperidolum,Droperydol
Drospirenonum,Drospirenon
Drotaverinum,Drotaweryna
Dulaglutidum,Dulaglutyd
Duloxetinum,Duloksetyna
Dutasteridum,Dutasteryd
Dydrogesteronum,Dydrogesteron
Edoxabanum,Edoksaban
Edotreotidum,Edotreotyd
Efavirenzum,Efawirenz
Ephedrinum,Efedryna
Eflornithinum,Eflornityna
Eftrenonacogum alpha,Eftrenonakog alfa
Econazolum,Ekonazol
Exemestanum,Eksemestan
Eculizumabum,Ekulizumab
Elbasvirum,Elbaswir
Eletriptanum,Eletryptan
Eliglustatum,Eliglustat
Elosulfasum alfa,Elosulfaza alfa
Elotuzumabum,Elotuzumab
Eltrombopagum,Eltrombopag
Eluxadolinum,Eluksadolina
Emedastinum,Emedastyna
Empagliflozinum,Empagliflozyna
Emtricitabinum,Emtrycytabina
Enalaprilum,Enalapril
Enfuvirtide,Enfuwirtyd
Encorafenib,Enkorafenib
Enoxaparinum,Enoksaparyna
Entacaponum,Entakapon
Entecavirum,Entekawir
Enzalutamidum,Enzalutamid
Epinastinum,Epinastyna
Epirubicinum,Epirubicyna
Eplerenonum,Eplerenon
Epoetinum alfa,Epoetyna alfa
Epoetinum beta,Epoetyna beta
Epoetinum theta,Epoetyna teta
Epoetinum zeta,Epoetyna zeta
Epoprostenolum,Epoprostenol
Eprosartanum,Eprosartan
Eptacog alfa,Eptakog alfa
Eptifibatidum,Eptyfibatyd
Erdosteinum,Erdosteina
Erenumabum,Erenumab
Ergotaminum,Ergotamina
Erlotinibum,Erlotynib
Ertapenemum,Ertapenem
Eribulinum,Erybulina
Escitalopramum,Escitalopram
Escinum,Escyna
Eslicarbazepinum,Eslikarbazepina
Esmolol,Esmolol
Esomeprazolum,Esomeprazol
Estazolamum,Estazolam
Estradiolum,Estradiol
Estriolum,Estriol
Ethambutol,Etambutol
Etamsylatum,Etamsylat
Etanerceptum,Etanercept
Etelcalcetidum,Etelkalcetyd
Etofenamatum,Etofenamat
Etomidatum,Etomidat
Etonogestrelum,Etonogestrel
Etoposidum,Etopozyd
Ethosuxymidum,Etosuksymid
Etravirinum,Etrawiryna
Etilefrinum,Etylefryna
Ethinylestradiolum,Etynyloestradiol
Everolimus,Ewerolimus
Evolocumabum,Ewolokumab
Ezetimibum,Ezetimib
Famotidinum,Famotydyna
Fampridinum,Famprydyna
Febuxostatum,Febuksostat
Fexofenadinum,Feksofenadyna
Felodipinum,Felodypina
Phenobarbitalum,Fenobarbital (luminal)
Fenofibratum,Fenofibrat
Phenoxymethylpenicillinum,Fenoksymetylopenicylina (penicylina fenoksymetylowa)
Phenolum,Fenol
Fenoterolum,Fenoterol
Fenspiridum,Fenspiryd
Fentanylum,Fentanyl
Fenticonazolum,Fentikonazol
Phenylephrinum,Fenylefryna
Phenylobutazonum,Fenylobutazon
Glyceroli phenylbutyras,Fenylomaślan glicerolu
Natrii phenylbutyras,Fenylomaślanu sodu
Phenytoinum,Fenytoina
Fesoterodinum,Fezoterodyna
Fibrynogenum,Fibrynogen ludzki
Fidaxomicinum,Fidaksomycyna
Filgrastimum,Filgrastym
Finasteridum,Finasteryd
Fingolimodum,Fingolimod
Physostigminum,Fizostygmina
Florbetabenum,Florbetaben (18f)
Florbetapirum (18f),Florbetapir (18f)
Fluciclovinum,Flucyklowina (18 f)
Flucytosinum,Flucytozyna
Fludarabinum,Fludarabina
Fludeoxyglucosum (18f),Fludeoksyglukoza (18f)
Fludrocortisonum,Fludrokortyzon
Fluconazolum,Flukonazol
Flumazenilum,Flumazenil
Flumethazonum,Flumetazon
Flunarizinum,Flunaryzyna
Flunitrazepamum,Flunitrazepam
Fluocinoloni acetonidum,Fluocynolon
Fluoxetinum,Fluoksetyna
Natrii fluoridum,Fluorek sodu
Natrii fluoridum (18f),Fluorek sodu (18f)
Fluoresceinum,Fluoresceina
Fluorocholinum (18f),Fluorocholina (18f)
Fluorometholonum,Fluorometolon
Fluorouracilum,Fluorouracyl
Flupirtinum,Flupirtyna
Flurbiprofenum,Flurbiprofen
Flutamidum,Flutamid
Flutemetamolum,Flutemetamol
Fluticasonum,Flutikazon
Flutrimazolum,Flutrimazol
Fluvastatinum,Fluwastatyna
Fluvoxaminum,Fluwoksamina
Calcii folinas,Folinian wapnia
Follitropinum,Folitropina alfa
Follitropin beta,Folitropina beta
Folitropina delta,Folitropina delta
Fondaparinux,Fondaparynuks
Formosulfathiazolum,Formosulfatiazol
Formoterolum,Formoterol
Fosamprenavirum,Fosamprenawir
Fosaprepitantum,Fosaprepitant
Phosphocreatinum,Fosfokreatyna
Fosfomycinum,Fosfomycyna
Aluminii phosphatis,Fosforan glinu
Fotemustinum,Fotemustyna
Fosinoprilum,Fozynopryl
Framycetinum,Framycetyna
Frovatriptanum,Frowatryptan
Fulvestrant,Fulwestrant
Dimethyl fumarate,Fumaran dimetylu
Furaginum (furazidinum),Furagina (furazydyna)
Furosemidum,Furosemid
Gabapentinum,Gabapentyna
Dimeglumini gadobenas,Gadobenian dimegluminy
Gadobutrolum,Gadobutrol
Gadodiamidum,Gadodiamid
Gadoxetate disodium,Gadoksetynian sodu
Gadoteridolum,Gadoteridol
Gadoversetamidum,Gadowersetamid
Galantaminum,Galantamina
Galcanezumabum,Galkanezumab
Galsulfasum,Galsulfaza
Ganciclovirum,Gancyklowir
Ganirelixum,Ganireliks
Gefitinib,Gefitynib
Gemcytabinum,Gemcytabina
Gentamicin,Gentamycyna
Gestodenum,Gestoden
Glatiramerum,Glatiramer
Glibenclamidum,Glibenklamid
Natrii glycerophosphas,Glicerofosforan sodu
Gliclazidum,Gliklazyd
Glycopyrroni bromidum,Glikopironium
Gliquidonum,Glikwidon
Glimepiridum,Glimepiryd
Glipizidum,Glipizyd
Glucagonum,Glukagon
Zinci gluconas,Glukonian cynku
Calcii gluconas,Glukonian wapnia
Ferrum gluconicum,Glukonian żelaza
Calcii glubionas,Glukonolaktobionian wapnia
Golimumabum,Golimumab
Gonadotropinum chorionicum,Gonadotropina łożyskowa
Goserelinum,Goserelina
Granisetronum,Granisetron
Grazoprevirum,Grazoprewir
Guaifenesinum,Gwajafenezyna
Haloperidolum,Haloperidol
Sulphur hexafluoride,Heksafluorek siarki
Hexylresorcinolum,Heksylorezorcynol
Heminum humanum,Hemina ludzka
Heparinum,Heparyna
Natrii hyaluronas,Hialuronian sodu
Histamine,Histamina
Hydrochlorothiazidum,Hydrochlorotiazyd
Hydrocortisonum,Hydrokortyzon
Hydroxychloroquinum,Hydroksychlorochina
Hydroxycarbamidum,Hydroksykarbamid
Hydroxocobalamin,Hydroksykobalamina
Natrii hydroxybutyras,Hydroksymaślanu sodu
Hydroxyzinum,Hydroksyzyna
Hymecromonum,Hymekromon
Hypromellosum,Hypromeloza
Ibrutinibum,Ibrutynib
Ibritumomab,Ibrytumomab
Ibuprofenum,Ibuprofen
Idarubicinum,Idarubicyna
Idarucizumabum,Idarucyzumab
Idebenonum,Idebenon
Idelalisibum,Idelalizyb
Idursulfasa,Iduronian sulfatazy
Ifosfamidum,Ifosfamid
Icatibantum,Ikatybant
Ixazomibum,Iksazomib
Ixekizumab,Iksekizumab
Iloprostum,Iloprost
Imatinibum,Imatynib
Imidaprilum,Imidapryl
Imiglucerasum,Imigluceraza
Imiquimodum,Imikwimod
Imipenemum,Imipenem
Immunoglobulinum humanum g,Immunoglobulina ludzka g (zmodyfikowana)
Immunoglobulinum humanum normale,Immunoglobulina ludzka normalna
Immunoglobulinum humanum hepatitidis b,Immunoglobulina ludzka przeciw wirusowemu zapaleniu wątroby typu b
Immunoglobulinum humanum tetanicum,Immunoglobulina ludzka przeciwtężcowa
Indapamidum,Indapamid
Indometacinum,Indometacyna
Indinavirum,Indynawir
Infliximabum,Infliksymab
C1 inhibitor,Inhibitor c1 (ludzki)
Inotuzumab ozogamycin,Inotuzumab ozogamycyny
Inosinum pranobexum,Inozyny pranobeks
Insulina asparta,Insulina aspart
Insulinum detemirum,Insulina detemir
Insulinum glarginum,Insulina glargine
Insulinum glulisinum,Insulina glulizynowa
Insulinum isophanum,Insulina izofanowa
Insulinum lisprum,Insulina lispro
Insulinum humanum,Insulina neutralna
Ipilimumabum,Ipilimumab
Iprazochromum,Iprazochrom
Irbesartanum,Irbesartan
Irinotecanum,Irynotekan
Isradypinum,Isradypina
Itraconazolum,Itrakonazol
Ivabradinum,Iwabradyna
Ivacaftorum,Iwakaftor
Ivermectinum,Iwermektyna
Isavuconazolum,Izawukonazol
Isofluranum,Izofluran
Isoconasolum,Izokonazol
Isoniazidum,Izoniazyd
Isotretinoinum,Izotretynoina (izotretinoina)
Iodum,Jod i jodki
Natrii iodidum (131i),Jodek sodu (131i)
Iodixanolum,Jodiksanol
Polyvidonum iodinatum,Jodopowidon
Iohexolum,Joheksol
Iomeprolum,Jomeprol
Iopromidum,Jopromid
Ioversolum,Jowersol
Cabazitaxelum,Kabazytaksel
Cabergolinum,Kabergolina
Cabozantinib,Kabozantynib
Calcifediolum,Kalcyfediol
Calcipotriolum,Kalcypotriol
Clcitoninum,Kalcytonina
Camphora,Kamfora
Canagliflozinum,Kanagliflozyna
Canakinumabum,Kanakinumab
Candesartanum,Kandesartan
Cangrelorum,Kangrelor
Kalii canrenoas,Kanrenoinian potasu
Capecitabinum,Kapecytabina
Caplacizumab,Kaplacyzumab
Capsaicinum,Kapsaicyna
Captoprilum,Kaptopril
Carbacholum,Karbachol
Carbamazepinum,Karbamazepina
Carbetocinum,Karbetocyna
Carbidopum,Karbidopa
Carbocisteinum,Karbocysteina
Carboxymaltosum ferricum,Karboksymaltoza żelazowa
Carbomerum,Karbomer (kwas poliakrylowy)
Carboplatinum,Karboplatyna
Carfilzomib,Karfilzomib
Carmustinum,Karmustyna
Carteololum,Karteolol
Carvedilolum,Karwedilol
Caspofunginum,Kaspofungina
Catumaxomabum,Katumaksomab
Ketaminum,Ketamina
Ketoconazolum,Ketokonazol
Ketoprofenum,Ketoprofen
Ketorolacum,Ketorolak
Ketotifenum,Ketotifen
Cladribinum,Kladrybina
Clarithromycinum,Klarytromycyna
Clemastinum,Klemastyna
Clindamycinum,Klindamycyna
Clobasamum,Klobazam
Clobetasolum,Klobetazol
Clodronate,Klodronian
Clofarabinum,Klofarabina
Cloxacillinum,Kloksacylina
Clomifenum,Klomifen
Clomipraminum,Klomipramina
Clonazepanum,Klonazepam
Clonidinum,Klonidyna
Clopamidum,Klopamid
Clopidogrelum,Klopidogrel
Dikalii clorazepas,Klorazepat
Clotrimazolum,Klotrimazol
Clozapinum,Klozapina
Cobicistatum,Kobicystat
Codeinum,Kodeina
Collagenasum,Kolagenaza clostridium histolyticum (klostridiopeptydaza)
Collagenase clostridium histolyticum,Kolagenaza n
Colchicinum,Kolchicyna
Colesevelamum,Kolesewelam
Colistinum,Kolistyna (kolistymetat sodowy)
Ferri hydroxidum dextranum,Kompleks wodorotlenku żelaza (iii) z dekstranem
Ferri hydroxidum saccharum,Kompleks wodorotlenku żelaza (iii) z sacharozą
Ferri hydroxidum polymaltosum,Kompleks wodorotlenku żelaza z polimaltozą
Conestatum alfa,Konestat alfa
Corifollitropinum alfa,Koryfolitropina alfa
Cotrimoxazolum (sulfamethoxazolum+trimethoprimum),Kotrimoksazol (sulfametoksazol+trimetoprim)
Cromoglicatum disodium,Kromoglikan sodu
Crotamitonum,Krotamiton
Crisantaspasum,Kryzantaspaza
Cryzotinibum,Kryzotynib
Xylometazolinum,Ksylometazolina
Acidum acetylsalicylicum,Kwas acetylosalicylowy
Acidum alginicum,Kwas alginowy
Acidum azelaicum,Kwas azelainowy
Acidum boricum,Kwas borowy
Acidum chenodeoxycholicum,Kwas chenodeoksycholowy
Acidum cholicum,Kwas cholowy
Acidum dehydrocholicum,Kwas dehydrocholowy
Acidum deoxycholicum,Kwas deoksycholowy
Acidum folicum,Kwas foliowy (witamina b9)
Acidum fusidicum,Kwas fusydowy
Acidum gadotericum,Kwas gadoterynowy
Acidum ibandronicum,Kwas ibandronowy
Acidum carglumicum,Kwas kargluminowy
Acidum mefenamicum,Kwas mefenamowy
Acidum lacticum,Kwas mlekowy
Acidum mycophenolicum,Kwas mykofenolowy
Obeticholicum acid,Kwas obetycholowy
Acidum pamidronicum,Kwas pamidronowy
Acidum pipemidicum,Kwas pipemidynowy
Acidum salicylicum,Kwas salicylowy
Acidum tolfenamicum,Kwas tolfenamowy
Acidum tranexamicum,Kwas traneksamowy
Acidum undecylenicum,Kwas undecylenowy
Acidum ursodeoksycholicum,Kwas ursodeoksycholowy
Acidum valproicum,Kwas walproinowy
Acidum zoledronicum,Kwas zoledronowy
Quetiapinum,Kwetiapina
Lacidipinum,Lacydypina
Lacosamide,Lakozamid
Calcii lactobionas,Laktobionian wapnia
Calcium lactogluconicum,Laktoglukonian wapnia
Lactulosum,Laktuloza
Lamivudinum,Lamiwudyna
Lamotriginum,Lamotrygina
Lanreotidum,Lanreotyd
Lansoprazolum,Lansoprazol
Lanthanum,Lantan
Lapatinibum,Lapatynib
Laronidasum,Laronidaza
Latanoprostum,Latanoprost
Ledipasvirum,Ledipaswir
Leflunomidum,Leflunomid
Lenalidomidum,Lenalidomid
Lenvatinibum,Lenwatynib
Lercanidipinum,Lerkanidypina
Letrozolum,Letrozol
Leuprorelinum,Leuprorelina
Levetiracetamum,Lewetiracetam (lewetyracetam)
Levocetirizinum,Lewocetyryzyna
Levodopum,Lewodopa
Levodropropizinum,Lewodropropizyna
Levofloxacinum,Lewofloksacyna
Levocabastinum,Lewokabastyna
Levomepromazinum,Lewomepromazyna
Levomethadone,Lewometadon
Levonorgestrelum,Lewonorgestrel
Levothyroxinum (natricum),Lewotyroksyna
Levosidimendanum,Lewozymendan
Lesinuradum,Lezynurad
Lidocainum,Lidokaina
Lixisenatidum,Liksysenatyd
Limecycylinum,Limecyklina
Linagliptinum,Linagliptyna
Linaclotidum,Linaklotyd
Lynestrenolum,Linestrenol
Linezolidum,Linezolid
Lincomycinum,Linkomycyna
Lipegfilgrastimum,Lipegfilgrastym
Liraglutidum,Liraglutyd
Lisinoprilum,Lizynopryl
Lodoxamidum,Lodoksamid
Loxapinum,Loksapina
Lomitapidum,Lomitapid
Lonoctocogum alfa,Lonoctocog alfa
Loperamidum,Loperamid
Lopinavirum,Lopinawir
Loratadinum,Loratadyna
Lorazepamum,Lorazepam
Lormetazepamum,Lormetazepam
Lornoxicamum,Lornoksykam
Losartanum,Losartan
Loteprednolum,Loteprednol
Lovastatinum,Lowastatyna
Factor viii coagulationis humanus,Ludzki czynnik krzepnięcia viii
Factor xiii coagulationis humanus,Ludzki czynnik krzepnięcia xiii
Lumacaftorum,Lumakaftor
Lurasidonum,Lurazydon
Lutropinum alfa,Lutropina alfa
Macitentanum,Macitentan
Macrogol,Makrogol
Ferric maltol,Maltol żelaza
Mannitolum,Mannitol
Maprotilinum,Maprotylina
Maravirocum,Marawirok
Mazipredonum,Mazypredon
Mebendazolum,Mebendazol
Mebeverinum,Mebeweryna
Medazepamum,Medazepam
Medroxyprogesteronum,Medroksyprogesteron
Megestrolum,Megestrol
Mecaserminum,Mekasermina
Melatoninum,Melatonina
Melphalan,Melfalan
Meloxicamum,Meloksykam
Memantinum,Memantyna
Menotropinum,Menotropina
Mepartricinum,Mepartrycyna
Mepivacainum,Mepiwakaina
Mepolizumabum,Mepolizumab
Mepiramina,Mepyramina
Mercaptopurinum,Merkaptopuryna
Meropenemum,Meropenem
Mesalazinum,Mesalazyna
Mesnum,Mesna
Mesterolonum,Mesterolon
Methadonum,Metadon
Metamizolum,Metamizol
Metforminum,Metformina
Metipranololum,Metipranolol
Methocarbamolum,Metokarbamol
Metoclopramidum,Metoklopramid
Methoxsalenum,Metoksalen
Metoprololum,Metoprolol
Methotrexatum,Metotreksat
Metronidazolum,Metronidazol
Methyldopum,Metyldopa
Methyldigoxinum,Metylodigoksyna
Methylophenidatum,Metylofenidat
Methylnaltrexonum,Metylonaltrekson
Methylprednisolonum,Metyloprednizolon
Metyraponum,Metyrapon
Mianserinum,Mianseryna
Midazolamum,Midazolam
Midodrini hydrochloridum,Midodryna
Mifamurtidum,Mifamurtyd
Migalastatum,Migalastat
Miglustatum,Miglustat
Miconazolum,Mikonazol
Milnacipranum,Milnacypran
Milrinonum,Milrinon
Minoxidilum,Minoksydyl
Mirabegronum,Mirabegron
Mirtazapinum,Mirtazapina
Mitoxantronum,Mitoksantron
Mitomycinum,Mitomycyna
Mitotanum,Mitotan
Mivacurium chloratum,Miwakurium
Misoprostolum,Mizoprostol
Magnesium lacticum,Mleczan magnezu
Calcium lacticum,Mleczan wapnia
Urea,Mocznik
Modafinilum,Modafinil
Moclobemidum,Moklobemid
Moxonidinum,Moksonidyna
Moxifloxacinum,Moksyfloksacyna
Molsidominum,Molsidomina
Mometasonum,Mometazon
Isosorbidi mononitras,Monoazotan izosorbidu
Monobenzonum,Monobenzon
Montelukastum,Montelukast
Morphinum,Morfina
Moroctocogum alfa,Moroktokog alfa
Mucopolisaccharidum polisulphatum,Mukopolisacharydowy polisiarczan
Mupirocinum,Mupirocyna
Micafunginum,Mykafungina
Nabumetonum,Nabumeton
Nadroparinum calcicum,Nadroparyna
Benzoylis peroxidum,Nadtlenek benzoilu
Hydrogenium peroxydatum,Nadtlenek wodoru
Naphazoline,Nafazolina
Naftifinum,Naftyfina
Nalbuphinum,Nalbufina
Nalmefenum,Nalmefen
Naloksegol,Naloksegol
Naloxonum,Nalokson
Naltrexonum,Naltrekson
Nandrolonum,Nandrolon
Naproxenum,Naproksen
Naratriptanum,Naratryptan
Natalizumabum,Natalizumab
Natamycinum,Natamycyna
Nateglinidum,Nateglinid
Nebivololum,Nebiwolol
Necitumumab,Necytumumab
Nedocromilum,Nedokromil
Nefopamum,Nefopam
Nelarabinum,Nelarabina
Neomycinum,Neomycyna
Nepafenacum,Nepafenak
Clostridium botulinum typus a toxinum,Neurotoksyna clostridium botulinum typu a (150 kd)
Nicergolinum,Nicergolina
Nifuratelum,Nifuratel
Nifuroxazidum,Nifuroksazyd
Nicotinum,Nikotyna
Nicotinylmethylamidum,Nikotynylometyloamid
Nilotinibum,Nilotynib
Nimesulidum,Nimesulid
Nimodipinum,Nimodypina
Nintedanibum,Nintedanib
Nitrazepamum,Nitrazepam
Nitrendipinum,Nitrendypina
Nitrofuralum,Nitrofural
Nitroglycerinum,Nitrogliceryna
Nitroxolinum,Nitroksolina
Nitisinonum,Nityzynon
Nivolumabum,Niwolumab
Nomegestrolum,Nomegestrol
Nonacogum gamma,Nonakog gamma
Norelgestrominum,Norelgestromin
Norethisteronum,Noretysteron
Norfloxacinum,Norfloksacyna
Norgestimatum,Norgestimat
Nystatinum,Nystatyna
Obinutuzumabum,Obinutuzumab
Calcium aceticum,Octan wapnia
Aluminium acetotartaricum,Octanowinian glinu
Ofatumumabum,Ofatumumab
Ofloxacinum,Ofloksacyna
Ocriplasminum,Okryplazmina
Oxaliplatinum,Oksaliplatyna
Oxazepamum,Oksazepam
Oxcarbazepinum,Okskarbazepina
Oxybuprocainum,Oksybuprokaina
Oxybutyninum,Oksybutynina
Oxycodonum,Oksykodon
Oxymetazolinum,Oksylometazolina
Oxytetracyclinum,Oksytetracyklina
Oxytocinum,Oksytocyna
Octenidinum,Oktenidyna
Octocog alfa,Oktokog alfa
Olanzapinum,Olanzapina
Olabaribum,Olaparyb
Olaratumabum,Olaratumab
Olmesartanum,Olmesartan
Olodaterolum,Olodaterol
Olopatadinum,Olopatadyna
Omalizumabum,Omalizumab
Ombitasvirum,Ombitaswir
Omeprazolum,Omeprazol
Ondansetronum,Ondansetron
Opipramolum,Opipramol
Orlistatum,Orlistat
Ornithinum,Ornityna
Zinci orotas dihydricus,Orotonian cynku
Oritavancinum,Orytawancyna
Oseltamivirum,Oseltamiwir
Ospemifenum,Ospemifen
Osimertinibum,Ozymertynib
Paclitaxelum,Paklitaksel
Paliperidonum,Paliperydon
Palonosetronum,Palonosetron
Panitumumabum,Panitumumab
Pancreatinum,Pankreatyna
Pancuronium,Pankuronium
Panobinostatum,Panobinostat
Panthenolum,Pantenol
Pantoprazolum,Pantoprazol
Calcium pantothenicum,Pantotenian wapnia (witamina b5)
Papaverinum,Papaweryna
Paracetamolum,Paracetamol
Paraffinum liquidum,Parafina ciekła
Paraformaldehydum,Paraformaldehyd
Parecoxib,Parekoksyb
Parnaparin,Parnaparyna
Paroxetinum,Paroksetyna
Paricalcitolum,Parykalcytol
Pazopanibum,Pazopanib
Pasireotidum,Pazyreotyd
Pegfilgrastim,Pefilgastrim
Pefloxacinum,Pefloksacyna
Pegaptanibum,Pegaptanib
Pegasparagasum,Pegaspargaza
Pegvisomantum,Pegwisomant
Pembrolizumabum,Pembrolizumab
Pemetrexedum,Pemetreksed
Penicillaminum,Penicylamina
Pentazocinum,Pentazocyna
Pentoxifyllinum,Pentoksyfilina
Pepsin,Pepsyna
Peramivir,Peramiwir
Perampanelum,Perampanel
Pernazinum,Perazyna
Perflutrenum,Perflutren
Permethrinum,Permetryna
Perindoprilum,Peryndopryl
Pertuzumabum,Petruzumab
Pethidini hydrochloridum,Petydyna
Sodium picosulfatum,Pikosiarczan sodu
Pixantroni,Piksantron
Pilocarpinum,Pilokarpina
Pindololum,Pindolol
Pioglitazonum,Pioglitazon
Pipecuronium,Pipekuronium
Piperaquinum,Piperachina
Piperacillinum,Piperacylina
Piracetamum,Piracetam
Pirenoxinum,Pirenoksyna
Piroxicamum,Piroksykam
Pirybedilum,Pirybedyl
Pitavastatinum,Pitawastatyna
Pitofenonum,Pitofenon
Pitolisantum,Pitolisant
Pivmecillinamum,Piwmecylinam
Plerixaforum,Pleriksafor
Podophyllotoxinum,Podofilotoksyna
Dinitrogenii oxidum,Podtlenku azotu
Policresulenum,Polikrezulen
Pomalidomidum,Pomalidomid
Ponatinibum,Ponatynib
Posaconazolum,Pozakonazol
Pramipexolum,Pramipeksol
Pranoprofenum,Pranoprofen
Prasugrelum,Prasugrel
Pravastatinum,Prawastatyna
Prednisolonum,Prednizolon
Prednisonum,Prednizon
Pregabalinum,Pregabalina
Pridinoli hydrochloridum,Pridinol
Prilocainum,Prilokaina (prylokaina)
Prochlorperazinum,Prochlorperazyna
Progesteronum,Progesteron
Proxymetacainum,Proksymetakaina
Promazinum,Promazyna
Promethazinum,Prometazyna
Propafenonum,Propafenon
Propofolum,Propofol
Propranololum,Propranolol
Propylthiouracilum,Propyltiouracyl
Prostaglandin f2a,Prostaglandyna f2α
Protaminum,Protamina
Ferri proteinatosuccinas,Proteinianobursztynian żelaza
Prulifloxacinum,Prulifloksacyna
Primidonum,Prymidon
Pyrantelum,Pyrantel
Pyrazinamidum,Pyrazynamid
Rabeprazolum,Rabeprazol
Racecadotrilum,Racekadotryl
Raloxifenum,Raloksyfen
Raltegravirum,Raltegrawir
Ramiprilum,Ramipryl
Strontium ranelate,Ranelinian strontu
Ranibizumabum,Ranibizumab
Ranitidinum,Ranitydyna
Ranolazinum,Ranolazyna
Rasagilinum,Rasagilina
Rasburicasum,Rasburykaza
Reboxetinum,Reboksetyna
Regadenozonum,Regadenozon
Regorafenibum,Regorafenib
Remifentanilum,Remifentanyl
Reslizumab,Reslizumab
Retapamulinum,Retapamulina
Reteplasum,Reteplaza
Retinolum,Retinol (witamina a)
Retigabinum,Retygabina
Reserpinum,Rezerpina
Riluzolum,Riluzol
Riociguatum,Riociguat
Roflumilastum,Roflumilast
Roxithromycinum,Roksytromycyna
,Rolapitant
Romiplostimum,Romiplostym
Ropinirolum,Ropinirol
Ropivacainum,Ropiwakaina
Rosuvastatinum,Rosuwastatyna
Rotigotinum,Rotygotyna
Rufinamidum,Rufinamid
Ruxolitinibum,Ruksolitynib
Rupatadinum,Rupatadyna
Ruscogeninum,Ruskogenina
Rutosidum,Rutyna (rutozyd)
Ribavirinum,Rybawiryna
,Rybocyklib
Rifaximin,Ryfaksymina
Rifampicinum,Ryfampicyna
Rilmenidinum,Rylmenidyna
Rilpivirinum,Rylpiwiryna
Rimantadinum,Rymantadyna
Risperidonum,Rysperydon
Ritonavirum,Rytonawir
Rituximabum,Rytuksymab
Ethacridinum lacticum,Rywanol (mleczan etakrydyny)
Rivaroxabanum,Rywaroksaban
Rivastigminum,Rywastygmina
Rizatriptanum,Ryzatryptan
Risedronatum natricum,Ryzedronian sodu
Saccharomyces boulardii,Saccharomyces boulardii
Safinamide,Safinamid
Saxagliptinum,Saksagliptyna
Sacubitrilum,Sakubitryl
Saquinavirum,Sakwinawir
Salbutamolum,Salbutamol
Salicylamidum,Salicylamid
Cholini salicylas,Salicylan choliny
Diethylamini salicylas,Salicylan dietyloaminy
Methyl salicylicum,Salicylan metylu
Salmeterolum,Salmeterol
Sapropterinum,Sapropteryna
Sebelipasum alfa,Sebelipaza alfa
Secukinumab,Sekukinumab
Selegiline,Selegilina
Selexipagum,Seleksypag
Selenium natricum,Selenin sodu
Sertindolum,Sertindol
Sertralinum,Sertralina
Sevelamerum,Sewelamer
Sevofluranum,Sewofluran
Barii sulfas,Siarczan baru
Zinci sulfas,Siarczan cynku
Magnesium sulfatis,Siarczan magnezu (sól gorzka)
Kalii sulfas,Siarczan potasu
Natrii tetradecylis sulfas,Siarczan tetradecylu sodu
Ferrosi sulfas,Siarczan żelaza
Sibutraminum,Sibutramina
Sildenafilum,Sildenafil
Simoctocogum alfa,Simoktokog alfa
Simvastatinum,Simwastatyna
Sitagliptinum,Sitagliptyna
Scopolaminum,Skopolamina (hioscyna)
Sofosbuvirum,Sofosbuwir
Solifenacinum,Solifenacyna
Somatostatinum,Somatostatyna
Somatropinum,Somatropina
Sonidegib,Sonidegib
Sorafenibum,Sorafenib
Sotalololum,Sotalol
Natrii polystyreni sulfonas,Sól sodowa sulfonowanej żywicy polistyrenowej
Calcii polistyreni sulfonas,Sól wapniowa sulfonowanej żywicy polistyrenowej
Spiramycinum,Spiramycyna
Spironolactonum,Spironolakton
Stavudinum,Stawudyna
Streptodornasum + streptokinasum,Streptodornaza+streptokinaza
Streptomycinum,Streptomycyna
Stripentolum,Styrypentol
Sufentanilum,Sufentanyl
Sugammadex,Sugammadeks
Sucralfatum,Sukralfat
Suxamethonii chloridum,Suksametonium
Sulesomabum,Sulesomab
Sulfacetamidum,Sulfacetamid
Sulfasalazinum,Sulfasalazyna
Sulfathiazolum,Sulfatiazol
Sulfathiazolum argentum,Sulfatiazol srebra
Sulfoguaiacolum,Sulfogwajakol
Sulodexidum,Sulodeksyd
Sulpiridum,Sulpiryd
Sultamicillinum,Sultamicylina
Sumatriptanum,Sumatryptan
Sunitinibum,Sunitynib
Silodosinum,Sylodosyna
Siltuximabum,Syltuksymab
Simeprevirum,Symeprewir
Simeticonum,Symetykon
Sirolimusum,Syrolimus
Tadalafilum,Tadalafil
Tafamidisum,Tafamidis
Tafluprostum,Tafluprost
Tacalcitolum,Takalcytol
Tacrolimusum,Takrolimus
Thalidomidum,Talidomid
Talimogene laherparepvec,Talimogen laherparepwek
Tamoxifenum,Tamoksyfen
Tamsulosini,Tamsulozyna
Tanninum albuminatum,Tanina
Tapentadolum,Tapentadol
Tasimelteonum,Tasimelteon
Tazarotenum,Tazaroten
Tasonerminum,Tazonermina
Tedizolidum,Tedizolid
Teduglutidum,Teduglutyd
Tegafurum,Tegafur
Teicoplaninum,Teikoplanina
Telavancinum,Telawancyna
Telbiwudinum,Telbiwudyna
Telmisartanum,Telmisartan
Temazepamum,Temazepam
Temoporfinum,Temoporfin
Temozolomidum,Temozolomid
Temsirolimusum,Temsyrolimus
Tenofovirum,Tenofowir
Theophyllinum,Teofilina
Terazosinum,Terazosyna
Terbinafinum,Terbinafina
Terlipressinum,Terlipresyna
Teriflunomidum,Teryflunomid
Teriparatidum,Teryparatyd
Testosteronum,Testosteron
Pentaerythrityli tetranitras,Tetraazotan pentaerytrytolu
Tetrabenazinum,Tetrabenazyna
Sodium tetraborate,Tetraboran sodu (boraks)
Tetracyclinum,Tetracyklina
Tetrazepamum,Tetrazepam
Tetryzolinum,Tetryzolina
Tiagabinum,Tiagabina
Thiamazolum,Tiamazol
Tianeptinum,Tianeptyna
Tiapridum,Tiapryd
Tibolonum,Tibolon
Tietylperazynum,Tietyloperazyna
Ticagrelorum,Tikagrelor
Ticlopidinum,Tiklopidyna
Tilmanoceptum,Tilmanocept
Tioguaninum,Tioguanina
Thiocolchicosidum,Tiokolchikozyd
Thiotepum,Tiotepa
Tiotropium bromide,Tiotropium (bromek tiotropiowy)
Oxygenium,Tlen
Bismutum oxidatum,Tlenek bizmutu
Zinci oxidum,Tlenek cynku
Magnesii oxydi,Tlenek magnezu
Tobramycinum,Tobramycyna
Tocilizumabum,Toclizumab
Tofacitinibum,Tofacytynib
Tocofersolanum,Tokofersolan
Toxinum botulinicum typum a,Toksyna botulinowa typu a
Toxinum botulinicum typum b,Toksyna botulinowa typu b
Tolcaponum,Tolkapon
Tolperisonum,Tolperyzon
Tolterodinum,Tolterodyna
Tenecteplasum,Tonekteplaza
Topiramatum,Topiramat
Topotecanum,Topotekan
Torasemidum,Torasemid
Toremifenum,Toremifen
Trabectedinum,Trabektedyna
Trametinibum,Trametynib
Trandolaprilum,Trandolapryl
Trastuzumabum,Trastuzumab
Travoprostum,Trawoprost
Trazodonum,Trazodon
Treprostinilum,Treprostinil
Tretinoinum,Tretinoina
Triamcinolonum,Triamcynolon
Tribenosidum,Tribenozyd
Trientinum,Trientyna
Trifarotenum,Trifaroten
Trimebutinum,Trimebutyna
Trimetazidinum,Trimetazydyna
Trimethoprimum,Trimetoprim
Triprolidinum,Triprolidyna
Triptorelinum,Triptorelina
Arsenii trioxidum,Tritlenek diarsenu
Troxerutinum,Trokserutyna
Tromantadinum,Tromantadyna
Tropicamidum,Tropikamid
Trospi chloridum,Trospiowy chlorek
Turoctocogum alfa,Turoktokog alfa
Tigecyclinum,Tygecyklina
Timololum,Tymolol
Timonacicum,Tymonacyk
Tinidazolum,Tynidazol
Tipranavirum,Typranawir
Thyrotropin alfa,Tyreotropina alfa
Tizanidinum,Tyzanidyna
Ubidecarenonum,Ubidekarenon
Ulipristal,Uliprystal
Umeclidinium,Umeklidynium
Urapidilum,Urapidyl
Uroflitropinum,Urofolitropina
Urokinasum,Urokinaza
Ustekinumabum,Ustekinumab
Valaciclovirum,Walacyklowir
Valganciclovirum,Walgancyklowir
Valsartanum,Walsartan
Vandetanibum,Wandetanib
Vancomycinum,Wankomycyna
Vardenafilum,Wardenafil
Vareniclinum,Wareniklina
Warfarinum,Warfaryna
Vedolizumabum,Wedolizumab
Vecuronium,Wekuronium
Velaglucerasum alfa,Welagluceraza alfa
Velpatasvirum,Welpataswir
Vemurafenibum,Wemurafenib
Venetoclax,Wenetoklaks
Venlafaxinum,Wenlafaksyna
Verapamilum,Werapamil
Verteporfinum,Werteporfina
Lithii carbonas,Węglan litu
Magnesium carbonatum,Węglan magnezu
Calcium carbonicum,Węglan wapnia
Vigabatrin,Wigabatryna
Vilanterolum,Wilanterol
Vildagliptinum,Wildagliptyna
Vinblastinum,Winblastyna
Vinfluninum,Winflunina
Vincristinum,Winkrystyna
Vinorelbinum,Winorelbina
Vinpocetinum,Winpocetyna
Vismodegibum,Wismodegib
Thiaminum,Witamina b1 (tiamina)
Cyanocobalaminum,Witamina b12 (cyjanokobalamina)
Riboflavinum,Witamina b2 (ryboflawina)
Vitaminum b6 (pyridoxinum),Witamina b6 (pirydoksyna)
Acidum ascorbicum,Witamina c (kwas askorbinowy)
Cholecalciferolum,Witamina d (cholekalcyferol)
Phytomenadionum,Witamina k1 (fitomenadion)
Zinci hydroaspartas,Wodoroasparaginian cynku
Magnesii hydroaspartas,Wodoroasparaginian magnezu
Kalii hydrogenoaspartas,Wodoroasparaginian potasu
Aluminii hydroxidum,Wodorotlenek glinu
Magnesii hydroxidum,Wodorotlenek magnezu
Kalii hydrogenocarbonas,Wodorowęglan potasu
Natrii hydrogenocarbonas,Wodorowęglan sodu
,Worapaksar
Vortioxetinum,Wortioksetyna
Voriconazolum,Worykonazol
Zaleplonum,Zaleplon
Zanamivirum,Zanamiwir
Bismuthi subgallas,Zasadowy galusan bizmutawy (dermatol)
Prothrombin complex (human),Zespół protrombiny ludzkiej
Zofenoprilum,Zofenopryl
Zolmitriptanum,Zolmitriptan
Zolpidemum,Zolpidem
Zonisamidum,Zonisamid
Zopiclonum,Zopiklon
Zuclopenthixolum,Zuklopentyksol
Ziconotidum,Zykonotyd
Ziprasidonum,Zyprazydon
